{
  "images" : [
    {
      "filename" : "whatsapp-image-2020-04-30-at-120223.png",
      "scale" : "1x",
      "idiom" : "universal"
    },
    {
      "scale" : "2x",
      "idiom" : "universal",
      "filename" : "whatsapp-image-2020-04-30-at-120223@2x.png"
    },
    {
      "filename" : "whatsapp-image-2020-04-30-at-120223@3x.png",
      "idiom" : "universal",
      "scale" : "3x"
    }
  ],
  "info" : {
    "version" : 1,
    "author" : "xcode"
  },
  "properties" : {
    "template-rendering-intent" : "original"
  }
}