{
  "images" : [
    {
      "scale" : "1x",
      "filename" : "whatsapp-image-2020-04-30-at-120222.png",
      "idiom" : "universal"
    },
    {
      "filename" : "whatsapp-image-2020-04-30-at-120222@2x.png",
      "scale" : "2x",
      "idiom" : "universal"
    },
    {
      "filename" : "whatsapp-image-2020-04-30-at-120222@3x.png",
      "scale" : "3x",
      "idiom" : "universal"
    }
  ],
  "info" : {
    "author" : "xcode",
    "version" : 1
  },
  "properties" : {
    "template-rendering-intent" : "original"
  }
}