{
  "images" : [
    {
      "orientation" : "portrait",
      "idiom" : "iphone",
      "subtype" : "2436h",
      "minimum-system-version" : "11.0",
      "scale" : "3x",
      "filename" : "Default-812h@3x.png",
      "extent" : "full-screen"
    },
    {
      "orientation" : "portrait",
      "extent" : "full-screen",
      "minimum-system-version" : "8.0",
      "idiom" : "iphone",
      "subtype" : "736h",
      "filename" : "Default-736h@3x.png",
      "scale" : "3x"
    },
    {
      "orientation" : "portrait",
      "extent" : "full-screen",
      "filename" : "Default-667h@2x.png",
      "scale" : "2x",
      "idiom" : "iphone",
      "subtype" : "667h",
      "minimum-system-version" : "8.0"
    },
    {
      "orientation" : "portrait",
      "filename" : "Default-568h@2x.png",
      "extent" : "full-screen",
      "subtype" : "retina4",
      "minimum-system-version" : "7.0",
      "scale" : "2x",
      "idiom" : "iphone"
    },
    {
      "minimum-system-version" : "7.0",
      "scale" : "2x",
      "filename" : "Default@2x.png",
      "idiom" : "iphone",
      "orientation" : "portrait",
      "extent" : "full-screen"
    },
    {
      "orientation" : "portrait",
      "minimum-system-version" : "7.0",
      "scale" : "1x",
      "idiom" : "ipad",
      "extent" : "full-screen",
      "filename" : "Default-Portrait.png"
    },
    {
      "idiom" : "ipad",
      "orientation" : "portrait",
      "filename" : "Default-Portrait@2x.png",
      "scale" : "2x",
      "extent" : "full-screen",
      "minimum-system-version" : "7.0"
    }
  ],
  "info" : {
    "author" : "supernova",
    "version" : 1
  }
}