{
  "images" : [
    {
      "idiom" : "universal",
      "filename" : "screenshot-2020-05-10-at-113809-2.png",
      "scale" : "1x"
    },
    {
      "filename" : "screenshot-2020-05-10-at-113809-2@2x.png",
      "scale" : "2x",
      "idiom" : "universal"
    },
    {
      "idiom" : "universal",
      "filename" : "screenshot-2020-05-10-at-113809-2@3x.png",
      "scale" : "3x"
    }
  ],
  "properties" : {
    "template-rendering-intent" : "original"
  },
  "info" : {
    "version" : 1,
    "author" : "xcode"
  }
}